{
  "Author": "Helios",
  "Name": "Adaptive Hud",
  "InternalName": "AdaptiveHud",
  "AssemblyVersion": "1.0.7.0",
  "Description": "Useful for ultrawide users, swapping from windowed/fullscreen will automatically switch your hudlayout.\n\n/pah to configure",
  "ApplicableVersion": "any",
  "RepoUrl": "https://github.com/Helios747/AdaptiveHudPlugin",
  "Tags": [
    "hudlayout",
    "hud",
    "settings"
  ],
  "DalamudApiLevel": 8,
  "LoadRequiredState": 0,
  "LoadSync": false,
  "CanUnloadAsync": false,
  "LoadPriority": 0,
  "Punchline": "Switches your /hudlayout when your game switches from windowed to fullscreen.",
  "AcceptsFeedback": true
}