{
  "Disabled": false,
  "Testing": false,
  "ScheduledForDeletion": false,
  "InstalledFromUrl": "OFFICIAL",
  "IsThirdParty": false,
  "EffectiveVersion": "1.1.0.0",
  "IsAvailableForTesting": false,
  "Author": "Tischel",
  "Name": "ActionTimeline",
  "Punchline": "Show your actions in real-time.",
  "Description": "Configurable timeline display of all the actions you use.",
  "Changelog": "- Added support for Patch 6.3 and Dalamud Api8.",
  "Tags": [
    "UI"
  ],
  "CategoryTags": null,
  "IsHide": false,
  "InternalName": "ActionTimeline",
  "AssemblyVersion": "1.1.0.0",
  "TestingAssemblyVersion": null,
  "IsTestingExclusive": false,
  "RepoUrl": "https://github.com/Tischel/ActionTimeline",
  "ApplicableVersion": "any",
  "DalamudApiLevel": 8,
  "DownloadCount": 15761,
  "LastUpdate": 1673486485,
  "DownloadLinkInstall": "https://kamori.goats.dev/Plugin/Download/ActionTimeline?isUpdate=False&isTesting=False&branch=api8&isDip17=True",
  "DownloadLinkUpdate": "https://raw.githubusercontent.com/goatcorp/DalamudPlugins/api8/plugins/ActionTimeline/latest.zip",
  "DownloadLinkTesting": "https://kamori.goats.dev/Plugin/Download/ActionTimeline?isUpdate=False&isTesting=True&branch=api8&isDip17=True",
  "LoadRequiredState": 0,
  "LoadSync": false,
  "LoadPriority": 0,
  "CanUnloadAsync": false,
  "ImageUrls": null,
  "IconUrl": null,
  "AcceptsFeedback": true,
  "FeedbackMessage": null,
  "_isDip17Plugin": true,
  "_Dip17Channel": "stable"
}