{
  "Disabled": true,
  "Testing": false,
  "ScheduledForDeletion": false,
  "InstalledFromUrl": "OFFICIAL",
  "IsThirdParty": false,
  "EffectiveVersion": "1.3.0.1",
  "IsAvailableForTesting": false,
  "Author": "Caraxi",
  "Name": "Adventurer in Need",
  "Punchline": "Recieve a notification when a duty roulette is in need of a role.",
  "Description": "Recieve a notification when a duty roulette is in need of a role. /pbonus to setup",
  "Changelog": null,
  "Tags": null,
  "CategoryTags": null,
  "IsHide": false,
  "InternalName": "AdventurerInNeed",
  "AssemblyVersion": "1.3.0.1",
  "TestingAssemblyVersion": null,
  "IsTestingExclusive": false,
  "RepoUrl": "https://github.com/Caraxi/AdventurerInNeed",
  "ApplicableVersion": "any",
  "DalamudApiLevel": 8,
  "DownloadCount": 80833,
  "LastUpdate": 1673461671,
  "DownloadLinkInstall": "https://kamori.goats.dev/Plugin/Download/AdventurerInNeed?isUpdate=False&isTesting=False&branch=api8&isDip17=True",
  "DownloadLinkUpdate": "https://raw.githubusercontent.com/goatcorp/DalamudPlugins/api8/plugins/AdventurerInNeed/latest.zip",
  "DownloadLinkTesting": "https://kamori.goats.dev/Plugin/Download/AdventurerInNeed?isUpdate=False&isTesting=True&branch=api8&isDip17=True",
  "LoadRequiredState": 0,
  "LoadSync": false,
  "LoadPriority": 0,
  "CanUnloadAsync": false,
  "ImageUrls": null,
  "IconUrl": null,
  "AcceptsFeedback": true,
  "FeedbackMessage": null,
  "_isDip17Plugin": true,
  "_Dip17Channel": "stable"
}